Designator,Val,Package,Mid X,Mid Y,Rotation,Layer
"C1","10u","C_0603_1608Metric",55.903970,57.447960,-90.000000,top
"C2","470pF","C_0603_1608Metric",58.064240,54.596810,180.000000,top
"C3","2.2uF","C_0805_2012Metric",62.665450,56.435770,0.000000,top
"C4","10u","C_0603_1608Metric",62.459710,58.199800,0.000000,top
"C5","10uF","C_0603_1608Metric",65.536920,59.366930,180.000000,top
"C6","0.1uf","C_0603_1608Metric",45.909070,60.572160,90.000000,top
"C7","10uf","C_0603_1608Metric",44.376180,60.564540,90.000000,top
"C8","1uf","C_0603_1608Metric",45.186440,57.870870,0.000000,top
"C9","10uf","C_0603_1608Metric",64.890490,28.687540,90.000000,top
"C10","1uf","C_0603_1608Metric",62.561610,28.220180,0.000000,top
"C11","0.1uf","C_0603_1608Metric",62.562580,31.419310,0.000000,top
"C12","0.1uf","C_0603_1608Metric",49.442210,56.364650,180.000000,top
"C13","0.1uf","C_0603_1608Metric",46.579630,50.122600,90.000000,top
"C14","10uf","C_0603_1608Metric",46.532640,54.111670,90.000000,top
"C15","1uf","C_0603_1608Metric",34.051080,39.058360,180.000000,top
"C16","1uf","C_0603_1608Metric",36.676170,62.848000,-135.000000,top
"C17","1uf","C_0603_1608Metric",67.086320,57.834040,0.000000,top
"C18","1uf","C_0603_1608Metric",67.029170,38.154120,0.000000,top
"D1","SS34","D_SMA",51.122420,59.943510,180.000000,top
"D2","1N4148W","D_SOD-323",34.636550,35.713180,135.000000,top
"D3","1N4148W","D_SOD-323",35.488720,64.144670,-135.000000,top
"D4","1N4148W","D_SOD-323",68.261070,61.056030,-90.000000,top
"D5","1N4148W","D_SOD-323",67.024090,35.489660,45.000000,top
"IC1","TP4056","SOP127P600X175-9N",60.361670,64.624730,90.000000,top
"J1","USB_C_Receptacle_USB2.0","USB_C_Receptacle_HRO_TYPE-C-31-M-12",51.570730,67.875930,180.000000,top
"J2","Conn_01x02_Female","JST_GH_SM02B-GHS-TB_1x02-1MP_P1.25mm_Horizontal",32.712500,31.494240,-45.000000,top
"J3","B2B-PH-SM4-TB(LF)(SN)","SM4-CON",70.375000,50.425000,-90.000000,top
"J4","Conn_01x02_Female","JST_GH_SM02B-GHS-TB_1x02-1MP_P1.25mm_Horizontal",69.254210,31.586950,45.000000,top
"J5","Conn_01x02_Female","JST_GH_SM02B-GHS-TB_1x02-1MP_P1.25mm_Horizontal",32.697260,67.497470,-135.000000,top
"J6","Conn_01x02_Female","JST_GH_SM02B-GHS-TB_1x02-1MP_P1.25mm_Horizontal",69.100540,67.557160,135.000000,top
"J8","Conn_01x06_Female","PinHeader_1x06_P2.54mm_Vertical",38.358920,48.686230,0.000000,top
"J9","Conn_01x06_Female","PinHeader_1x06_P2.54mm_Vertical",63.302990,48.658290,0.000000,top
"LED1","POW_LED","LED_0603_1608Metric",64.758410,71.113160,0.000000,top
"LED2","CHG","LED_0603_1608Metric",58.536680,71.101730,180.000000,top
"LED3","CHG","LED_0603_1608Metric",58.547160,69.486290,180.000000,top
"LED4","LED","LED_0603_1608Metric",29.481620,46.816470,90.000000,top
"LED5","LED","LED_0603_1608Metric",29.514640,49.900030,90.000000,top
"LED6","LED","LED_0603_1608Metric",29.495590,53.587160,90.000000,top
"R1","470R","R_0603_1608Metric",58.073130,53.080430,0.000000,top
"R2","100K","R_0603_1608Metric",39.741950,66.635140,180.000000,top
"R3","1.3K","R_0603_1608Metric",61.622780,71.104270,180.000000,top
"R4","1.3K","R_0603_1608Metric",61.630400,69.488830,180.000000,top
"R5","47.5k","R_0603_1608Metric",39.743220,61.931060,0.000000,top
"R6","22.1k","R_0603_1608Metric",42.048270,61.174140,90.000000,top
"R7","10k","R_0603_1608Metric",39.764810,60.381660,180.000000,top
"R8","1k","R_0603_1608Metric",42.050810,52.210480,0.000000,top
"R9","1k","R_0603_1608Metric",42.049540,50.690290,0.000000,top
"R10","10k","R_0603_1608Metric",62.577820,29.887690,180.000000,top
"R11","10k","R_0603_1608Metric",41.714260,48.763700,180.000000,top
"R12","10k","R_0603_1608Metric",55.977630,50.903650,0.000000,top
"R13","4.7k","R_0603_1608Metric",52.488940,56.358300,180.000000,top
"R14","10k","R_0603_1608Metric",55.977630,49.365680,0.000000,top
"R15","1K","R_0603_1608Metric",31.080550,46.846000,-90.000000,top
"R16","1K","R_0603_1608Metric",31.080550,49.946070,-90.000000,top
"R17","1K","R_0603_1608Metric",31.072930,53.577000,-90.000000,top
"R18","10k","R_0603_1608Metric",30.345220,41.111950,0.000000,top
"R19","10k","R_0603_1608Metric",31.206280,57.613060,180.000000,top
"R20","10k","R_0603_1608Metric",71.084280,57.952150,180.000000,top
"R21","10k","R_0603_1608Metric",67.844510,44.170110,0.000000,top
"REF**","1mm hole","1mm hole",73.400000,36.626314,0.000000,top
"REF**","1mm hole","1mm hole",60.856842,26.800000,90.000000,top
"REF**","1mm hole","1mm hole",28.390000,36.656314,0.000000,top
"REF**","1mm hole","1mm hole",83.190000,61.633158,0.000000,top
"REF**","1mm hole","1mm hole",73.400000,63.069470,0.000000,top
"REF**","1mm hole","1mm hole",73.400000,35.923158,0.000000,top
"REF**","1mm hole","1mm hole",83.190000,62.336314,0.000000,top
"REF**","1mm hole","1mm hole",18.600000,38.035430,0.000000,top
"REF**","1mm hole","1mm hole",83.200000,36.626314,0.000000,top
"REF**","1mm hole","1mm hole",83.190000,63.039470,0.000000,top
"REF**","1mm hole","1mm hole",59.450530,22.990000,90.000000,top
"REF**","1mm hole","1mm hole",28.340000,63.755430,0.000000,top
"REF**","1mm hole","1mm hole",18.620000,61.633158,0.000000,top
"REF**","1mm hole","1mm hole",28.390000,37.359470,0.000000,top
"REF**","1mm hole","1mm hole",83.200000,38.025430,0.000000,top
"REF**","1mm hole","1mm hole",42.350000,23.000000,90.000000,top
"REF**","1mm hole","1mm hole",73.400000,61.663158,0.000000,top
"REF**","1mm hole","1mm hole",61.560000,22.990000,90.000000,top
"REF**","1mm hole","1mm hole",41.656842,26.800000,90.000000,top
"REF**","1mm hole","1mm hole",73.400000,37.329470,0.000000,top
"REF**","1mm hole","1mm hole",40.953686,26.800000,90.000000,top
"REF**","1mm hole","1mm hole",60.856842,22.990000,90.000000,top
"REF**","1mm hole","1mm hole",18.600000,37.339470,0.000000,top
"REF**","1mm hole","1mm hole",83.200000,35.923158,0.000000,top
"REF**","1mm hole","1mm hole",42.360000,26.800000,90.000000,top
"REF**","1mm hole","1mm hole",18.620000,60.930000,0.000000,top
"REF**","1mm hole","1mm hole",18.620000,63.039470,0.000000,top
"REF**","1mm hole","1mm hole",18.620000,62.336314,0.000000,top
"REF**","1mm hole","1mm hole",40.240530,23.000000,90.000000,top
"REF**","1mm hole","1mm hole",18.600000,35.230000,0.000000,top
"REF**","1mm hole","1mm hole",73.400000,63.765430,0.000000,top
"REF**","1mm hole","1mm hole",40.943686,23.000000,90.000000,top
"REF**","1mm hole","1mm hole",18.600000,36.636314,0.000000,top
"REF**","1mm hole","1mm hole",28.340000,63.059470,0.000000,top
"REF**","1mm hole","1mm hole",28.390000,35.250000,0.000000,top
"REF**","1mm hole","1mm hole",28.390000,38.055430,0.000000,top
"REF**","1mm hole","1mm hole",41.646842,23.000000,90.000000,top
"REF**","1mm hole","1mm hole",73.400000,38.025430,0.000000,top
"REF**","1mm hole","1mm hole",28.390000,35.953158,0.000000,top
"REF**","1mm hole","1mm hole",73.400000,60.960000,0.000000,top
"REF**","1mm hole","1mm hole",73.400000,35.220000,0.000000,top
"REF**","1mm hole","1mm hole",73.400000,62.366314,0.000000,top
"REF**","1mm hole","1mm hole",18.620000,63.735430,0.000000,top
"REF**","1mm hole","1mm hole",40.250530,26.800000,90.000000,top
"REF**","1mm hole","1mm hole",59.450530,26.800000,90.000000,top
"REF**","1mm hole","1mm hole",60.153686,22.990000,90.000000,top
"REF**","1mm hole","1mm hole",18.600000,35.933158,0.000000,top
"REF**","1mm hole","1mm hole",28.340000,61.653158,0.000000,top
"REF**","1mm hole","1mm hole",83.200000,37.329470,0.000000,top
"REF**","1mm hole","1mm hole",28.340000,60.950000,0.000000,top
"REF**","1mm hole","1mm hole",28.340000,62.356314,0.000000,top
"REF**","1mm hole","1mm hole",83.200000,35.220000,0.000000,top
"REF**","1mm hole","1mm hole",60.153686,26.800000,90.000000,top
"REF**","1mm hole","1mm hole",83.190000,60.930000,0.000000,top
"REF**","1mm hole","1mm hole",61.560000,26.800000,90.000000,top
"REF**","1mm hole","1mm hole",83.190000,63.735430,0.000000,top
"Rprog1","3.3K","R_0603_1608Metric",59.282170,60.067970,180.000000,top
"SW1","K3-1280S-F1","CUS-12B",41.125000,70.325000,180.000000,top
"T1","SI2302DS-T1","SOT95P237X112-3N",30.411260,38.227780,-90.000000,top
"T2","SI2302DS-T1","SOT95P237X112-3N",31.329470,60.407060,90.000000,top
"T3","SI2302DS-T1","SOT95P237X112-3N",71.169370,60.775360,90.000000,top
"T4","SI2302DS-T1","SOT95P237X112-3N",67.807680,41.203390,-90.000000,top
"U1","100K","R_0603_1608Metric",64.061180,65.432450,90.000000,top
"U2","AO3401","SOT-23",65.224500,62.139340,0.000000,top
"U3","MIC5219-3.3YM5","SOT-23-5",58.850370,57.234600,0.000000,top
"U4","100K","R_0603_1608Metric",63.635730,53.143930,180.000000,top
"U5","100K","R_0603_1608Metric",63.635730,51.623740,0.000000,top
"U6","CP2102N-Axx-xQFN28","QFN-28-1EP_5x5mm_P0.5mm_EP3.35x3.35mm",40.279160,56.335440,180.000000,top
"U7","DDC114TU-7-F","SOT-363_SC-70-6",35.451890,51.975530,0.000000,top
"U8","ESP32-WROOM-32","ESP32-WROOM-32",50.928110,36.898550,180.000000,top
"U9","MPU-6050","QFN50P400X400X95-24N",50.960940,52.064580,180.000000,top
